City_ID,City,Country,Lat,Lng,Max Temp,Humidity,Cloudiness,Wind Speed,Description
0,Cameta,BR,-2.2444,-49.4958,89.06,53,42,4.07,scattered clouds
1,Bluff,NZ,-46.6,168.3333,54.7,85,6,1.74,clear sky
2,Chinsali,ZM,-10.5414,32.0816,71.71,88,69,2.04,moderate rain
3,Punta Arenas,CL,-53.15,-70.9167,51.8,50,40,18.41,scattered clouds
4,Khatanga,RU,71.9667,102.5,-36.76,78,0,5.28,clear sky
5,Chaumont,FR,48.1167,5.1333,48,93,100,11.01,overcast clouds
6,Qaanaaq,GL,77.484,-69.3632,8.47,88,100,7.81,overcast clouds
7,Severo-Kurilsk,RU,50.6789,156.125,19.58,94,100,16.98,light snow
8,Tuktoyaktuk,CA,69.4541,-133.0374,-18.4,76,90,17.27,snow
9,Upernavik,GL,72.7868,-56.1549,19.63,80,100,6.26,overcast clouds
10,Saint-Philippe,RE,-21.3585,55.7679,84.2,70,75,6.91,light rain
11,Svobodnyy,RU,51.4,128.1333,-19.01,86,23,5.5,few clouds
12,Avarua,CK,-21.2078,-159.775,77,88,20,3.44,light rain
13,Vaini,TO,-21.2,-175.2,77,100,75,4.61,light rain
14,Busselton,AU,-33.65,115.3333,60.01,93,100,3,light rain
15,Albany,US,42.6001,-73.9662,33.01,59,75,8.05,broken clouds
16,Chuy,UY,-33.6971,-53.4616,77.11,54,0,10.02,clear sky
17,Nogales,MX,31.3086,-110.9422,35.6,60,1,4,clear sky
18,Bilibino,RU,68.0546,166.4372,-9.67,83,0,2.42,clear sky
19,Karaj,IR,35.8355,51.0103,48.2,93,90,11.5,overcast clouds
20,Talnakh,RU,69.4865,88.3972,-29.24,76,0,3.56,clear sky
21,Rikitea,PF,-23.1203,-134.9692,77.41,74,100,13.38,overcast clouds
22,Isangel,VU,-19.55,169.2667,77.76,79,0,2.98,clear sky
23,Gayny,RU,60.3071,54.3241,0.99,93,100,10.56,light snow
24,Lebu,CL,-37.6167,-73.65,62.19,79,98,5.88,overcast clouds
25,Hithadhoo,MV,-0.6,73.0833,81.99,76,100,14.41,overcast clouds
26,San Policarpo,PH,12.1791,125.5072,80.01,84,66,15.82,broken clouds
27,Nome,US,64.5011,-165.4064,14,85,90,4.61,overcast clouds
28,Ushuaia,AR,-54.8,-68.3,51.8,50,40,19.57,scattered clouds
29,Kaitangata,NZ,-46.2817,169.8464,50.25,93,2,3.51,clear sky
30,Shimoda,JP,34.6667,138.95,39.99,70,0,15.9,clear sky
31,Magdagachi,RU,53.45,125.8,-17.45,85,0,4.25,clear sky
32,Banda Aceh,ID,5.5577,95.3222,78.94,83,44,8.95,heavy intensity rain
33,Barrow,US,71.2906,-156.7887,-2.2,71,90,10.36,overcast clouds
34,Longyearbyen,SJ,78.2186,15.6401,23,74,75,8.05,broken clouds
35,Dubti,ET,11.7361,41.0853,80.53,48,45,13.76,scattered clouds
36,Hilo,US,19.7297,-155.09,61,67,1,6.91,clear sky
37,Poum,NC,-20.2333,164.0167,79.84,67,15,2.95,few clouds
38,Chirongui,YT,-12.9319,45.1483,86,66,82,9.22,broken clouds
39,Mareeba,AU,-17,145.4333,79,94,90,1.14,overcast clouds
40,Geraldton,AU,-28.7667,114.6,69.8,88,90,28.77,overcast clouds
41,Kondinskoye,RU,59.6481,67.41,34.72,97,100,13.04,overcast clouds
42,Provideniya,RU,64.3833,-173.3,2.03,92,64,4.23,broken clouds
43,New Norfolk,AU,-42.7826,147.0587,59,74,4,1.01,clear sky
44,Tuy Hoa,VN,13.0833,109.3,71.46,87,95,6.15,overcast clouds
45,Kavaratti,IN,10.5669,72.642,81,69,0,10.78,clear sky
46,Narsaq,GL,60.9167,-46.05,32,29,1,16.11,clear sky
47,Coracora,PE,-15.0333,-73.7833,60.58,49,100,1.28,overcast clouds
48,Constitucion,CL,-35.3333,-72.4167,63.75,74,84,3.6,broken clouds
49,Longyan,CN,25.1072,117.0225,59.81,67,62,1.61,broken clouds
50,Bredasdorp,ZA,-34.5322,20.0403,78.8,53,0,16.11,clear sky
51,Kodiak,US,57.79,-152.4072,23,74,1,4.61,clear sky
52,Churapcha,RU,62.0025,132.4325,-32.46,84,100,1.05,overcast clouds
53,Starkville,US,33.4504,-88.8184,41,75,90,6.91,overcast clouds
54,Airai,TL,-8.9266,125.4092,61.18,97,100,1.86,light rain
55,Pleasanton,US,37.6624,-121.8747,46.99,70,1,5.75,clear sky
56,Mataura,NZ,-46.1927,168.8643,49.48,94,3,0.98,clear sky
57,Cape Town,ZA,-33.9258,18.4232,80.01,65,0,18.41,clear sky
58,Sorland,NO,67.667,12.6934,34.75,83,100,26.62,overcast clouds
59,Port-Gentil,GA,-0.7193,8.7815,84.2,79,40,11.5,scattered clouds
60,Ganzhou,CN,28.8184,115.4327,52.07,86,0,1.12,clear sky
61,Lorengau,PG,-2.0226,147.2712,81.64,79,51,6.04,light rain
62,Faanui,PF,-16.4833,-151.75,81.23,70,0,10.54,clear sky
63,Lompoc,US,34.6391,-120.4579,48.99,93,1,3.44,clear sky
64,Dikson,RU,73.5069,80.5464,-29.49,86,21,10.2,few clouds
65,Ciro Marina,IT,39.3732,17.126,60.01,82,0,5.75,clear sky
66,Touros,BR,-5.1989,-35.4608,87.8,51,40,14.97,scattered clouds
67,Tomatlan,MX,19.9333,-105.25,80.04,55,89,1.52,overcast clouds
68,Cockburn Town,TC,21.4612,-71.1419,80.6,69,40,19.57,scattered clouds
69,Sungaipenuh,ID,-2.0833,101.3833,65.61,90,100,2.95,overcast clouds
70,Chernolesskoye,RU,44.7156,43.7133,33.75,96,100,2.24,snow
71,Mmabatho,ZA,-25.85,25.6333,66.2,100,90,2.3,light rain
72,Soverato,IT,38.685,16.5499,64.4,59,0,14.97,clear sky
73,Luderitz,NA,-26.6481,15.1594,78.4,43,0,31.29,clear sky
74,Tiksi,RU,71.6872,128.8694,-25.17,86,100,7.29,overcast clouds
75,Hobart,AU,-42.8794,147.3294,59,88,90,4.61,overcast clouds
76,Garissa,KE,-0.4536,39.6401,90.95,36,48,10.16,scattered clouds
77,Akyab,MM,20.15,92.9,68.5,65,21,10.33,few clouds
78,Dicabisagan,PH,17.0818,122.4157,75.54,87,88,5.68,overcast clouds
79,Namatanai,PG,-3.6667,152.4333,79.48,79,84,2.19,broken clouds
80,Kapaa,US,22.0752,-159.319,59,82,11,6.91,few clouds
81,Saint George,US,37.1041,-113.5841,35.6,55,1,4.61,clear sky
82,Tasiilaq,GL,65.6145,-37.6368,32,93,90,32.21,snow
83,Makokou,GA,0.5738,12.8642,84.2,74,40,4.61,light rain
84,Labuhan,ID,-6.8844,112.2051,78.87,85,81,11.23,broken clouds
85,Manzanares,ES,38.9991,-3.3699,51.01,97,100,1.99,overcast clouds
86,Pierre,US,44.3683,-100.351,1.4,60,75,18.41,broken clouds
87,Katangli,RU,51.7102,143.2326,-2.69,92,100,8.61,overcast clouds
88,Kieta,PG,-6.2167,155.6333,80.26,79,89,8.37,overcast clouds
89,Saint Anthony,US,45.0205,-93.218,-0.4,55,40,13.8,scattered clouds
90,Atuona,PF,-9.8,-139.0333,80.29,75,50,22.59,scattered clouds
91,Sitka,US,57.0531,-135.33,35.6,93,90,4.61,overcast clouds
92,Ararat,AM,39.8317,44.7049,42.8,56,0,1.07,clear sky
93,Kruisfontein,ZA,-34.0033,24.7314,78.01,70,0,5.01,clear sky
94,Ribeira Grande,PT,38.5167,-28.7,60.8,88,75,20.71,broken clouds
95,Boyolangu,ID,-8.1181,111.8935,75.7,89,95,6.49,overcast clouds
96,Comodoro Rivadavia,AR,-45.8667,-67.5,60.8,67,75,14.97,broken clouds
97,Lavrentiya,RU,65.5833,-171,-0.09,89,98,6.53,overcast clouds
98,Praia Da Vitoria,PT,38.7333,-27.0667,64.4,77,40,11.81,scattered clouds
99,Norman Wells,CA,65.282,-126.8329,-38.2,74,40,4.61,scattered clouds
100,Esperance,AU,-33.8667,121.9,60.8,82,75,10.36,broken clouds
101,Pevek,RU,69.7008,170.3133,-2.63,86,100,2.46,overcast clouds
102,Kang,BW,-23.6752,22.7876,72.68,79,58,11.21,moderate rain
103,Katherine,AU,-14.4667,132.2667,77,94,40,6.91,scattered clouds
104,East London,ZA,-33.0153,27.9116,77,83,75,11.5,broken clouds
105,Saskylakh,RU,71.9167,114.0833,-39.17,79,61,4.43,broken clouds
106,Ilulissat,GL,69.2167,-51.1,17.6,41,40,26.46,snow
107,Hermanus,ZA,-34.4187,19.2345,73.99,76,0,5.01,clear sky
108,Manzanillo,CU,20.3433,-77.1167,85.06,52,0,2.35,clear sky
109,Dunedin,NZ,-45.8742,170.5036,57.99,87,4,1.01,clear sky
110,Mashhad,IR,36.297,59.6062,50,66,0,13.8,clear sky
111,Lazaro Cardenas,MX,17.9583,-102.2,80.62,61,31,3.49,scattered clouds
112,Bima,ID,-8.4667,118.7167,76.82,85,79,2.46,broken clouds
113,Vernon,CA,50.2581,-119.2691,33.01,93,100,2.3,light snow
114,Rio Grande,BR,-32.035,-52.0986,77,65,40,10.36,scattered clouds
115,Bajil,YE,15.0584,43.2851,75.47,66,4,7.47,clear sky
116,Prainha,BR,-1.8,-53.48,93.09,41,22,6.06,few clouds
117,Aklavik,CA,68.2191,-135.0107,-27.4,68,20,1.57,few clouds
118,Odesa,UA,46.4775,30.7326,26.6,93,90,6.71,light snow
119,Kapoeta,SS,4.7717,33.5903,89.15,15,22,7.09,few clouds
120,Nianzishan,CN,47.5167,122.8833,-2.24,84,0,6.6,clear sky
121,Klaksvik,FO,62.2266,-6.589,33.8,75,75,20.71,broken clouds
122,Flin Flon,CA,54.7682,-101.865,-31,68,1,9.22,clear sky
123,Prince Rupert,CA,54.3161,-130.3201,37.4,87,90,9.22,overcast clouds
124,Sao Joao Da Barra,BR,-21.6403,-41.0511,80.6,74,75,11.5,broken clouds
125,Vredendal,ZA,-31.6683,18.5012,78.64,54,0,23.96,clear sky
126,Ewa Beach,US,21.3156,-158.0072,62.6,82,90,4.61,overcast clouds
127,Pisco,PE,-13.7,-76.2167,72,83,75,9.22,broken clouds
128,Lensk,RU,60.7253,114.9278,-1.28,90,97,3.67,overcast clouds
129,Santa Cruz De Tenerife,ES,28.4682,-16.2546,57,94,75,25.32,broken clouds
130,Puerto Ayora,EC,-0.7393,-90.3518,82.4,74,40,17.27,scattered clouds
131,Wucheng,CN,29.6008,118.175,50,84,0,0.63,clear sky
132,Arlit,NE,18.7369,7.3853,86.13,11,100,13.13,overcast clouds
133,Afzalpur,IN,17.2,76.35,75.09,25,0,6.55,clear sky
134,Cuicatlan,MX,17.8,-96.9667,85.26,36,7,1.16,clear sky
135,Helena,US,46.5927,-112.0361,24.01,78,90,1.72,light snow
136,Port Alfred,ZA,-33.5906,26.891,77,86,13,3,few clouds
137,Khuzhir,RU,53.1939,107.3397,9.36,89,97,5.17,overcast clouds
138,Grindavik,IS,63.8424,-22.4338,37.4,65,75,20.71,broken clouds
139,Enid,US,36.3956,-97.8784,43,61,75,10.36,broken clouds
140,Blama,SL,7.8736,-11.3433,99.3,24,85,3.11,overcast clouds
141,Katsuura,JP,35.1333,140.3,50,57,0,10.36,clear sky
142,Chokurdakh,RU,70.6333,147.9167,-16.37,87,99,3.94,overcast clouds
143,Belmonte,BR,-15.8631,-38.8828,86,70,75,11.5,broken clouds
144,Archidona,ES,37.0965,-4.3887,62.01,74,64,3,broken clouds
145,Mount Isa,AU,-20.7333,139.5,75.2,100,75,17.27,heavy intensity rain
146,Karratha,AU,-20.7377,116.8463,78.82,76,5,10.65,clear sky
147,Cooma,AU,-36.2333,149.1333,55.4,76,0,6.91,clear sky
148,Tukrah,LY,32.5341,20.5791,65.71,53,49,7.83,scattered clouds
149,Kinlochleven,GB,56.7115,-4.9661,39.99,74,90,5.99,overcast clouds
150,Butaritari,KI,3.0707,172.7902,80.89,81,88,21.79,light rain
151,Samagaltay,RU,50.6022,95.0047,0,88,14,2.1,few clouds
152,Erattupetta,IN,9.7,76.7833,80.6,78,20,2.3,haze
153,Upanema,BR,-5.6419,-37.2578,96.8,36,75,16.11,broken clouds
154,Warrnambool,AU,-38.3833,142.4833,57.99,94,97,14.99,overcast clouds
155,Carutapera,BR,-1.195,-46.02,89.11,56,62,10.54,broken clouds
156,Neftcala,AZ,39.3742,49.2472,47.23,85,50,13.04,scattered clouds
157,Miramar,US,25.9873,-80.2323,82,57,40,14.97,scattered clouds
158,General Pico,AR,-35.6566,-63.7568,94.08,14,0,11.3,clear sky
159,Biak,ID,-0.9131,122.8766,77.09,80,100,2.98,overcast clouds
160,Faya,SA,18.3851,42.4509,55.4,71,40,11.5,scattered clouds
161,Cabo San Lucas,MX,22.8909,-109.9124,62.6,67,1,3.44,clear sky
162,Quzhou,CN,28.9594,118.8686,53.08,83,0,0.25,clear sky
163,Atar,MR,20.5169,-13.0499,75.96,19,33,19.01,scattered clouds
164,Te Anau,NZ,-45.4167,167.7167,52.79,85,24,0.94,few clouds
165,Cherskiy,RU,68.75,161.3,-10.16,81,0,7.76,clear sky
166,Carnarvon,AU,-24.8667,113.6333,80.6,100,75,12.66,broken clouds
167,Igarka,RU,67.4667,86.5833,-15.74,88,99,11.1,overcast clouds
168,Titlagarh,IN,20.3,83.15,66.4,29,0,2.64,clear sky
169,Monrovia,LR,6.3005,-10.7969,82.4,69,75,5.75,broken clouds
170,Ariquemes,BR,-9.9133,-63.0408,77.04,92,100,1.95,overcast clouds
171,Mar Del Plata,AR,-38.0023,-57.5575,72,68,75,13.8,broken clouds
172,Salalah,OM,17.0151,54.0924,75.2,64,40,9.22,scattered clouds
173,Dingle,PH,10.9995,122.6711,75.36,91,65,9.55,light rain
174,Goba,ET,7.0167,39.9833,54.39,57,57,2.71,broken clouds
175,Jamestown,US,42.097,-79.2353,18,62,40,19.57,scattered clouds
176,Bolekhiv,UA,49.0661,23.8643,28.4,80,90,2.24,light snow
177,Nhulunbuy,AU,-12.2333,136.7667,80.6,83,75,11.5,broken clouds
178,Worland,US,44.0169,-107.9554,10.99,85,90,5.75,overcast clouds
179,Ponta Do Sol,PT,32.6667,-17.1,62.6,51,40,11.5,scattered clouds
180,Morro Bay,US,35.3658,-120.8499,54,61,1,8.79,clear sky
181,Yellowknife,CA,62.456,-114.3525,-42,66,1,2.3,fog
182,Georgetown,MY,5.4112,100.3354,86,70,20,3.44,few clouds
183,Vao,NC,-22.6667,167.4833,77.31,87,1,8.12,clear sky
184,Hamilton,US,39.1834,-84.5333,26.01,54,20,3.44,few clouds
185,Cidreira,BR,-30.1811,-50.2056,74.39,63,63,11.3,broken clouds
186,Berbera,SO,10.4396,45.0143,75.9,72,25,6.85,scattered clouds
187,Matara,LK,5.9485,80.5353,77.16,86,100,6.17,moderate rain
188,Dukat,RU,62.55,155.55,-15.95,88,97,2.8,overcast clouds
189,Port Elizabeth,ZA,-33.918,25.5701,82.4,65,20,5.75,few clouds
190,Kamina,CD,-8.7386,24.9906,72.43,90,96,5.3,light rain
191,Arraial Do Cabo,BR,-22.9661,-42.0278,75.2,73,75,4.61,broken clouds
192,Munirabad,IN,15.3333,76.3333,75.67,31,68,6.31,broken clouds
193,Liberal,US,37.0431,-100.921,28.4,74,1,20.71,clear sky
194,Rabo De Peixe,PT,37.8,-25.5833,60.8,82,40,19.57,scattered clouds
195,Torbay,CA,47.6666,-52.7314,37.99,80,90,9.22,overcast clouds
196,Ust-Maya,RU,60.4167,134.5333,-26.37,85,100,1.5,overcast clouds
197,Manasa,IN,24.4837,75.2687,60.94,32,0,9.15,clear sky
198,Uyuni,BO,-20.4597,-66.825,61.36,47,60,11.63,broken clouds
199,San Miguel,SV,13.4833,-88.1833,80.6,73,0,4.61,clear sky
200,Iqaluit,CA,63.7506,-68.5145,21.2,86,75,14.97,broken clouds
201,Mildura,AU,-34.2,142.15,66.2,63,90,10.36,overcast clouds
202,Nikolskoye,RU,59.7035,30.7861,12.99,79,90,13.42,light snow
203,Kalakamati,BW,-20.5929,27.3121,78.8,69,40,8.05,light rain
204,Birao,CF,10.2849,22.7882,82.8,15,69,8.48,broken clouds
205,Goderich,CA,43.7501,-81.7165,15.8,67,100,26.46,overcast clouds
206,Vilyuysk,RU,63.7553,121.6247,-36.11,82,2,3.44,clear sky
207,Lokosovo,RU,61.1333,74.8167,35.01,99,100,8.93,overcast clouds
208,Tuatapere,NZ,-46.1333,167.6833,51.49,86,1,3.22,clear sky
209,Robinson,US,31.4677,-97.1147,46.99,87,90,9.22,overcast clouds
210,Almeirim,BR,-1.5233,-52.5817,92.48,47,68,6.26,broken clouds
211,Caravelas,BR,-17.7125,-39.2481,82.89,81,92,9.93,light rain
212,Guerrero Negro,MX,27.9769,-114.0611,56.44,88,0,6.85,clear sky
213,Tshikapa,CD,-6.4167,20.8,78.55,80,88,2.35,overcast clouds
214,Ormara,PK,25.2088,64.6357,69.1,45,0,3,clear sky
215,Bengkulu,ID,-3.8004,102.2655,76.86,85,78,6.55,broken clouds
216,Mana,GF,5.6592,-53.7767,80.22,83,73,13.13,broken clouds
217,Kailua,US,21.4022,-157.7394,62.6,88,75,3.71,broken clouds
218,San Andres,CO,12.5847,-81.7006,84.2,79,40,12.66,scattered clouds
219,Shu,KZ,43.5983,73.7614,40.01,69,100,9.24,overcast clouds
220,Gimli,CA,50.6336,-96.9907,-22,69,100,13.8,overcast clouds
221,Clyde River,CA,70.4692,-68.5914,-14.8,76,40,3.44,scattered clouds
222,Muncar,ID,-8.4333,114.3333,77.09,86,100,3.04,overcast clouds
223,Thompson,CA,55.7435,-97.8558,-34.6,67,75,12.66,snow
224,Bethel,US,41.3712,-73.414,37.99,44,1,8.05,clear sky
225,Inhambane,MZ,-23.865,35.3833,89.01,66,40,6.91,scattered clouds
226,Praya,CV,14.9215,-23.5087,75.2,53,75,27.63,broken clouds
227,Half Moon Bay,US,37.4636,-122.4286,48,93,90,3.91,mist
228,Jaru,BR,-10.4389,-62.4664,77.16,92,99,2.15,moderate rain
229,Novikovo,RU,51.1537,37.8879,12.79,92,100,13.76,overcast clouds
230,Darhan,MN,49.4867,105.9228,-1.26,86,0,4.83,clear sky
231,Luwuk,ID,-0.9516,122.7875,77.77,74,100,3.02,overcast clouds
232,Rusanesti,RO,43.9333,24.6,42.8,100,90,9.22,fog
233,Sao Filipe,CV,14.8961,-24.4956,71.04,72,3,15.82,clear sky
234,Helong,CN,42.5397,128.9972,13.53,92,95,3.13,overcast clouds
235,Kyren,RU,51.6828,102.1408,4.86,78,45,2.55,scattered clouds
236,Mount Gambier,AU,-37.8333,140.7667,55.4,100,90,10.36,overcast clouds
237,Dubuque,US,42.4833,-90.8668,3.2,71,75,8.05,broken clouds
238,Padang,ID,-0.9492,100.3543,77,83,20,1.14,few clouds
239,Shache,CN,38.4167,77.2406,34.9,71,14,5.41,few clouds
240,Chingirlau,KZ,51.095,54.0814,8.85,94,100,16.26,overcast clouds
241,Cayenne,GF,4.9333,-52.3333,78.8,94,75,4.61,mist
242,Sept-Iles,CA,50.2001,-66.3821,30.99,93,100,3.44,light snow
243,Aykhal,RU,66,111.5,-34.06,81,2,5.17,clear sky
244,Fortuna,US,40.5982,-124.1573,45,100,90,3.04,overcast clouds
245,Bay Roberts,CA,47.5999,-53.2648,36,80,90,9.22,overcast clouds
246,Sorong,ID,-0.8833,131.25,81.03,79,100,1.43,overcast clouds
247,Svetlyy,RU,54.675,20.1347,15.8,86,75,6.71,light snow
248,Ostrow Wielkopolski,PL,51.655,17.8069,33.01,56,98,14.45,overcast clouds
249,Boden,SE,65.8252,21.6886,14,85,0,9.22,clear sky
250,San Patricio,US,28.017,-97.5169,60.8,88,90,8.05,mist
251,Tessalit,ML,20.1986,1.0114,90.03,11,99,16.42,overcast clouds
252,Wakefield,GB,53.6809,-1.499,41,99,100,13.47,overcast clouds
253,Port Hardy,CA,50.6996,-127.4199,44.6,93,90,2.3,light rain
254,Alofi,NU,-19.0595,-169.9187,77,88,100,9.22,overcast clouds
255,Manosque,FR,43.8288,5.7869,57,70,100,10,overcast clouds
256,Baruun-Urt,MN,46.6806,113.2792,-7.89,84,0,6.46,clear sky
257,Palaikastron,GR,35.2,26.25,63,74,0,3.83,clear sky
258,Zhigansk,RU,66.7697,123.3711,-41.3,80,43,10.13,scattered clouds
259,Kenai,US,60.5544,-151.2583,10.99,85,40,5.75,scattered clouds
260,Mingyue,CN,43.1069,128.9217,8.33,90,78,4.83,broken clouds
261,Nishihara,JP,26.1842,127.7558,68,72,20,5.75,few clouds
262,Altea,ES,38.5989,-0.0514,62.01,72,37,3,scattered clouds
263,Samarai,PG,-10.6167,150.6667,82.49,77,100,6.17,overcast clouds
264,Laguna,US,38.421,-121.4238,39,93,1,1.86,mist
265,Nongan,CN,44.382,125.1685,-4,77,0,2.24,mist
266,Kushchevskaya,RU,46.5564,39.6386,29.46,86,100,6.38,overcast clouds
267,Ahuimanu,US,21.4447,-157.8378,62.6,88,75,3.02,broken clouds
268,Norsup,VU,-16.0667,167.3833,78.73,77,8,3.65,clear sky
269,Fairbanks,US,64.8378,-147.7164,-9.4,77,90,3.44,light snow
270,Gromiljak,BA,43.9667,18.0531,59,55,0,2.3,clear sky
271,Garowe,SO,8.4054,48.4845,78.64,31,0,6.91,clear sky
272,Bonfim,BR,3.0833,-59.95,90.12,44,89,10.96,overcast clouds
273,Nhlangano,SZ,-27.1167,31.2,71.64,87,100,5.17,overcast clouds
274,Beringovskiy,RU,63.05,179.3167,-9.65,88,1,6.76,clear sky
275,Neryungri,RU,56.6709,124.6491,-18.54,85,100,3.47,overcast clouds
276,Bilma,NE,18.6853,12.9164,81.05,15,19,9.31,few clouds
277,Matay,EG,28.419,30.7792,64.11,49,0,9.44,clear sky
278,Coquimbo,CL,-29.9533,-71.3436,62.6,77,90,5.75,overcast clouds
279,San Quintin,MX,30.4833,-115.95,58.06,74,0,2.64,clear sky
280,Sakakah,SA,29.9697,40.2064,59,55,0,12.66,clear sky
281,Mandasa,IN,18.8667,84.4667,68.27,65,0,2.35,clear sky
282,Baglan,AF,36.1307,68.7083,59,32,100,3.02,overcast clouds
283,Stokmarknes,NO,68.5646,14.9108,28,87,82,16.89,broken clouds
284,Maniitsoq,GL,65.4167,-52.9,23.74,76,0,8.79,clear sky
285,Mecca,SA,21.4267,39.8261,71.37,45,57,12.35,broken clouds
286,Pavagada,IN,14.1,77.2667,72.36,38,15,9.17,few clouds
287,Erzin,TR,36.9559,36.2,62.01,81,0,1.32,clear sky
288,Olafsvik,IS,64.8945,-23.7142,35.65,79,100,16.35,light rain
289,Ancud,CL,-41.8697,-73.8203,73,53,0,10.36,clear sky
290,Mookane,BW,-23.688,26.6595,67.62,91,100,7.47,light rain
291,Mponela,MW,-13.5319,33.7401,78.8,61,40,12.66,light rain
292,Ambilobe,MG,-13.2,49.05,76.26,89,100,0.98,light rain
293,Coahuayana,MX,18.7333,-103.6833,68,73,1,0.85,clear sky
294,Castro,BR,-24.7911,-50.0119,75.34,52,0,1.77,clear sky
295,Marawi,PH,7.9986,124.2928,75.99,90,100,5.01,overcast clouds
296,Bambous Virieux,MU,-20.3428,57.7575,80.6,74,20,8.05,few clouds
297,Noyabrsk,RU,63.1994,75.4507,19.53,98,100,8.28,light snow
298,Gat,IL,31.61,34.7642,64.99,100,21,5.12,few clouds
299,Metu,ET,8.3,35.5833,71.62,27,10,5.68,clear sky
300,Gibara,CU,21.1097,-76.1317,84.2,58,1,10.36,clear sky
301,Batsfjord,NO,70.6345,29.7185,23,74,40,18.41,snow
302,Northam,GB,51.0333,-4.2167,45,92,83,4,broken clouds
303,Kifri,IQ,34.6959,44.9661,56.16,83,100,7.99,overcast clouds
304,Pombas,CV,17.1503,-25.0201,75.2,53,40,28.77,scattered clouds
305,Acarau,BR,-2.8856,-40.12,88.02,55,80,16.91,broken clouds
306,Yar-Sale,RU,66.8333,70.8333,-30.93,84,100,13.53,overcast clouds
307,Tefe,BR,-3.3542,-64.7114,82.4,94,75,6.91,broken clouds
308,Fowa,NG,8.9167,6.4,102.38,9,90,1.03,overcast clouds
309,Husavik,IS,66.0449,-17.3389,33.8,64,75,6.91,broken clouds
310,Brae,GB,60.3964,-1.353,35.6,51,90,20.71,overcast clouds
311,Revelstoke,CA,50.9832,-118.2023,30.2,100,90,0.63,snow
312,Barreiros,BR,-8.8183,-35.1864,87.75,54,32,12.35,scattered clouds
313,Cabedelo,BR,-6.9811,-34.8339,89.6,55,40,11.5,scattered clouds
314,Bystryy Istok,RU,52.371,84.3873,30.72,98,96,6.35,overcast clouds
315,Bandarbeyla,SO,9.4942,50.8122,76.8,78,12,13.91,few clouds
316,Haimen,CN,23.1935,116.6142,60.8,82,0,2.24,clear sky
317,Nongstoin,IN,25.5167,91.2667,49.24,71,4,3.78,clear sky
318,Micheweni,TZ,-4.9667,39.8333,81.5,75,0,11.95,clear sky
319,Moron,AR,-34.6534,-58.6198,90,32,0,1.99,clear sky
320,Arica,CL,-18.475,-70.3042,78.8,50,0,9.22,clear sky
321,Wamba,NG,8.9333,8.6,99.48,9,80,7.14,broken clouds
322,Bintulu,MY,3.1667,113.0333,78.8,94,40,2.3,light rain
323,Tallahassee,US,30.4383,-84.2807,50,81,90,12.66,overcast clouds
324,Edeia,BR,-17.3383,-49.9314,82.35,71,59,5.06,light rain
325,Ballina,AU,-28.8667,153.5667,71.6,88,91,2.51,overcast clouds
326,Ukiah,US,39.1502,-123.2078,35.6,93,1,2.48,clear sky
327,Kyshtovka,RU,56.555,76.6271,32.29,97,100,13.2,overcast clouds
328,Santa Rosa,PH,14.3122,121.1114,79,78,75,4.61,broken clouds
329,La Ronge,CA,55.1001,-105.2842,-32.8,68,0,5.75,clear sky
330,Yeppoon,AU,-23.1333,150.7333,77,69,100,4.61,overcast clouds
331,Muroto,JP,33.2833,134.15,53.8,72,0,6.69,clear sky
332,Yulara,AU,-25.2406,130.9889,80.6,29,0,9.22,clear sky
333,Codrington,AU,-38.2667,141.9667,59.81,80,99,14.54,overcast clouds
334,Lucapa,AO,-8.4192,20.7447,71.42,93,100,6.2,moderate rain
335,Krasnoselkup,RU,65.7,82.4667,0.45,93,100,13.98,light snow
336,San Ramon,US,37.7799,-121.978,46.99,70,1,5.75,clear sky
337,Kavieng,PG,-2.5744,150.7967,81.86,71,96,3.78,overcast clouds
338,Todos Santos,MX,23.45,-110.2167,66.99,39,1,6.91,clear sky
339,Blora,ID,-6.9698,111.4186,74.95,91,83,5.79,broken clouds
340,Vanavara,RU,60.34,102.2797,-0.96,93,100,4.45,overcast clouds
341,Tynne,UA,50.6015,26.1849,23,74,40,11.18,light snow
342,Onalaska,US,43.8844,-91.2351,1.99,66,40,12.66,scattered clouds
343,Margate,GB,51.3813,1.3862,45,91,99,1.01,overcast clouds
344,Khargone,IN,21.8167,75.6,65.98,26,0,4,clear sky
345,Chapais,CA,49.7834,-74.8492,17.6,79,75,14.97,light snow
346,Kilindoni,TZ,-7.9139,39.6668,82.24,76,15,12.75,few clouds
347,Ayan,RU,56.45,138.1667,-6.47,83,100,16.49,overcast clouds
348,Ossora,RU,59.2353,163.0719,16.79,95,100,19.98,overcast clouds
349,Ratnagiri,IN,16.9833,73.3,76.78,59,0,8.3,clear sky
350,Plettenberg Bay,ZA,-34.0527,23.3716,73.13,69,10,5.48,clear sky
351,Nouadhibou,MR,20.931,-17.0347,71.6,46,0,20.71,sand
352,Littlehampton,GB,50.8069,-0.5378,46.4,93,75,8.05,broken clouds
353,Pontianak,ID,-0.0333,109.3333,77,100,90,3.44,overcast clouds
354,Rio Gallegos,AR,-51.6226,-69.2181,57.2,35,20,18.41,few clouds
355,Urumqi,CN,43.801,87.6005,10.4,92,90,2.24,fog
356,Flinders,AU,-34.5833,150.8552,66.99,87,0,1.01,clear sky
357,Ridgecrest,US,35.6225,-117.6709,28.4,64,1,1.34,clear sky
358,Lucea,JM,18.451,-78.1736,84.99,69,20,10.36,few clouds
359,Kandrian,PG,-6.2167,149.55,79.09,83,99,8.63,overcast clouds
360,Naze,JP,28.3667,129.4833,61.07,84,98,7.47,overcast clouds
361,Rawson,AR,-43.3002,-65.1023,66.06,52,14,18.3,few clouds
362,Grand Gaube,MU,-20.0064,57.6608,80.01,77,46,3,scattered clouds
363,Radcliff,US,37.8404,-85.9491,32,74,1,5.75,clear sky
364,Ascension,US,30.2169,-90.9001,50,100,90,6.91,overcast clouds
365,Ahipara,NZ,-35.1667,173.1667,58.87,87,92,3.13,overcast clouds
366,Leningradskiy,RU,69.3833,178.4167,-13.7,81,87,6.6,overcast clouds
367,Suileng,CN,47.25,127.0833,-11.81,87,0,3.56,clear sky
368,Horsham,GB,51.064,-0.3272,46.4,87,75,6.91,light rain
369,Kununurra,AU,-15.7667,128.7333,82.4,83,75,1.14,broken clouds
370,Punta Umbria,ES,37.1821,-6.9661,57.99,67,85,8.99,overcast clouds
371,Kamaishi,JP,39.2667,141.8833,40.17,84,84,4.59,broken clouds
372,Maraa,BR,-1.8333,-65.3667,83.03,78,99,0.96,overcast clouds
373,Namibe,AO,-15.1961,12.1522,75.43,70,25,12.15,scattered clouds
374,Watertown,US,42.3709,-71.1828,37.99,38,16,10,few clouds
375,Oktyabrskiy,RU,54.4815,53.471,0.45,90,100,14.72,overcast clouds
376,Chara,RU,56.9064,118.2631,-15.25,71,72,1.25,broken clouds
377,Rassvet,RU,46.8333,40.75,28.69,82,100,9.1,overcast clouds
378,Topolobampo,MX,25.6,-109.05,57.2,77,1,3.62,clear sky
379,Najran,SA,17.4924,44.1277,78.8,29,40,14.97,scattered clouds
380,Mishelevka,RU,52.8575,103.1719,4.98,92,100,4.76,overcast clouds
381,Stornoway,GB,58.2093,-6.3865,39.2,70,75,20.71,broken clouds
382,Qasigiannguit,GL,68.8193,-51.1922,17.6,41,40,26.46,snow
383,Moerai,PF,-22.4333,-151.3333,80.51,73,0,11.7,light rain
384,San Cristobal,VE,7.7669,-72.225,67.12,90,100,3.8,overcast clouds
385,Tselinnoye,RU,53.0833,85.6667,25.12,98,55,6.46,broken clouds
386,Vostok,RU,46.4856,135.8833,-8.48,91,100,2.44,overcast clouds
387,Hasaki,JP,35.7333,140.8333,41,87,20,8.05,few clouds
388,Luau,AO,-10.7073,22.2247,75.2,86,100,4.36,light rain
389,Saldanha,ZA,-33.0117,17.9442,77,61,20,24.16,few clouds
390,Westport,US,41.1415,-73.3579,39,60,1,10.36,clear sky
391,Belaya Gora,RU,68.5333,146.4167,-29.45,83,64,1.86,broken clouds
392,Hobyo,SO,5.3505,48.5268,78.26,71,2,12.19,clear sky
393,Moose Factory,CA,51.2585,-80.6094,3.2,71,90,14.97,light snow
394,Progreso,MX,21.2833,-89.6667,73.4,88,90,6.91,mist
395,Vila Velha,BR,-20.3297,-40.2925,87.8,55,20,9.22,few clouds
396,Pacific Grove,US,36.6177,-121.9166,41,87,1,5.75,clear sky
397,Tabas,IR,33.5959,56.9244,60.8,16,4,2.3,clear sky
398,Verkhnevilyuysk,RU,63.4453,120.3167,-33.83,83,24,2.44,few clouds
399,Matucana,PE,-11.85,-76.4,67.91,47,70,5.68,broken clouds
400,Kuching,MY,1.55,110.3333,77,94,20,2.3,few clouds
401,Riyadh,SA,24.6877,46.7219,68,45,75,5.75,broken clouds
402,Alice Springs,AU,-23.7,133.8833,77,31,49,6.91,scattered clouds
403,Naifaru,MV,5.4444,73.3657,81.77,75,41,8.9,scattered clouds
404,Lasa,IT,46.6166,10.7002,45,93,20,10.36,few clouds
405,Bubaque,GW,11.2833,-15.8333,79.92,54,24,12.77,few clouds
406,Oktyabrskoye,RU,43.0645,44.7417,42.01,65,97,13.42,overcast clouds
407,Steamboat Springs,US,40.485,-106.8317,24.8,93,90,5.73,light snow
408,Seymchan,RU,62.8833,152.4333,-23.24,85,94,1.63,overcast clouds
409,Port-Cartier,CA,50.0334,-66.8654,30.99,93,100,3.44,snow
410,Issoire,FR,45.55,3.25,51.8,82,90,4.61,overcast clouds
411,Pangody,RU,65.85,74.4859,-19.98,87,98,12.59,overcast clouds
412,Itoman,JP,26.1247,127.6694,68,88,40,4.61,scattered clouds
413,Ivybridge,GB,50.3904,-3.9191,45,88,76,6.98,broken clouds
414,Kaeo,NZ,-35.1,173.7833,62.01,90,91,1.99,overcast clouds
415,Simao,CN,22.7886,100.9748,55.94,92,65,2.33,broken clouds
416,Muli,MV,2.9167,73.5667,81.86,73,99,14.43,overcast clouds
417,Boa Vista,BR,2.8197,-60.6733,86,54,90,13.8,moderate rain
418,Melilla,ES,35.2937,-2.9383,60.8,59,0,6.91,clear sky
419,Paldiski,EE,59.3567,24.0531,19.99,85,87,9.84,overcast clouds
420,Mahebourg,MU,-20.4081,57.7,80.6,74,20,8.05,few clouds
421,Rio Negro,BR,-26.1058,-49.7975,80.47,31,0,4.23,clear sky
422,Sumbawanga,TZ,-7.9667,31.6167,68,77,75,2.8,moderate rain
423,Linfen,CN,36.0889,111.5189,47.3,44,64,2.75,broken clouds
424,Dolores,AR,-36.3132,-57.6792,95.07,17,0,12.41,clear sky
425,Kupang,ID,-10.1667,123.5833,79.59,83,97,7.36,overcast clouds
426,Buraydah,SA,26.326,43.975,53.6,100,75,11.5,broken clouds
427,Wattegama,LK,6.7989,81.4808,73.4,100,90,6.91,moderate rain
428,Shakawe,BW,-18.3667,21.85,78.71,77,100,2.98,light rain
429,Safaga,EG,26.7292,33.9365,71.6,24,0,12.66,clear sky
430,Astana,KZ,51.1801,71.446,28.4,80,0,24.61,light snow
431,Ugoofaaru,MV,5.6667,73,82.08,73,69,9.78,broken clouds
432,Chengde,CN,40.9725,117.9361,25.25,95,86,1.97,overcast clouds
433,Islahiye,TR,37.025,36.6306,62.01,44,0,4.61,clear sky
434,Pangnirtung,CA,66.1451,-65.7125,14,85,75,4.61,broken clouds
435,Sao Miguel Do Araguaia,BR,-13.275,-50.1628,82.6,79,100,8.84,overcast clouds
436,Gamba,GA,-2.65,10,82.26,82,82,8.46,light rain
437,Souillac,MU,-20.5167,57.5167,80.6,74,20,8.05,few clouds
438,Lingao,CN,19.9103,109.6859,67.95,86,15,9.69,few clouds
439,Stutterheim,ZA,-32.5708,27.424,77,83,75,11.5,broken clouds
440,Siukh,RU,42.5999,46.5446,23.97,94,16,3.78,few clouds
441,Redlands,US,34.0556,-117.1825,57,61,1,3.44,clear sky
442,Buhe,CN,30.2876,112.2298,53.33,76,63,2.06,broken clouds
443,Pergamino,AR,-33.89,-60.5736,87.01,43,0,1.01,clear sky
444,Ambatofinandrahana,MG,-20.55,46.8,67.1,87,100,3.98,moderate rain
445,Meulaboh,ID,4.1363,96.1285,80.01,80,54,3.51,broken clouds
446,Springbok,ZA,-29.6643,17.8865,80.35,29,0,21.43,clear sky
447,Oussouye,SN,12.485,-16.5469,80.6,50,0,13.8,clear sky
448,Lahij,YE,13.1667,44.5833,70.5,66,0,6.76,clear sky
449,Voitsberg,AT,47.0333,15.15,46.99,81,0,6.91,clear sky
450,Richards Bay,ZA,-28.783,32.0377,78.82,74,27,11.74,scattered clouds
451,Saint-Pierre,RE,-21.3393,55.4781,84.2,70,75,6.91,light rain
452,Hervey Bay,AU,-25.2986,152.8535,77,78,100,1.01,overcast clouds
453,Banjarmasin,ID,-3.3244,114.591,78.8,94,20,3.44,few clouds
454,Ko Samui,TH,9.5357,99.9357,80.62,76,28,9.42,scattered clouds
455,Envira,BR,-7.3,-70.2167,90.75,55,98,0.81,light rain
456,Ploemeur,FR,47.7333,-3.4333,51.01,57,20,10.36,few clouds
457,Khash,IR,28.2211,61.2158,53.56,35,0,5.55,clear sky
458,Ballangen,NO,68.3428,16.8315,26.6,68,20,13.8,few clouds
459,Huanan,CN,46.2167,130.5167,-4.63,92,93,5.14,overcast clouds
460,Amahai,ID,-3.3333,128.9167,79.52,82,100,4.56,overcast clouds
461,Purranque,CL,-40.9167,-73.1667,71.6,60,0,6.91,clear sky
462,Hirara,JP,24.8,125.2833,70.03,64,0,6.69,clear sky
463,Koping,SE,59.514,15.9926,21.2,68,90,5.75,overcast clouds
464,Dickson,US,36.077,-87.3878,43,60,40,3.44,scattered clouds
465,Umm Lajj,SA,25.0213,37.2685,72.84,55,0,18.54,clear sky
466,Kahului,US,20.8947,-156.47,62.6,72,75,3.44,broken clouds
467,Jerome,US,42.7241,-114.5186,33.8,69,1,12.66,clear sky
468,Ixtapa,MX,20.7,-105.2,62.6,88,1,2.3,clear sky
469,Bundaberg,AU,-24.85,152.35,77,78,95,4.61,overcast clouds
470,Sokoni,TZ,-6.4333,39.55,86,66,20,14.97,few clouds
471,Hay River,CA,60.8156,-115.7999,-41.8,66,98,1.14,overcast clouds
472,Umba,RU,66.6871,34.3429,20.43,94,100,13.29,overcast clouds
473,Antofagasta,CL,-23.65,-70.4,73,68,20,10.36,few clouds
474,Broken Hill,AU,-31.95,141.4333,68,60,62,13.8,broken clouds
475,Taoudenni,ML,22.6783,-3.9836,80.13,19,54,17.34,broken clouds
476,Tucuman,AR,-26.8241,-65.2226,82.4,54,0,6.91,clear sky
477,Mandalgovi,MN,45.7625,106.2708,6.69,85,66,6.89,broken clouds
478,Tura,IN,25.5198,90.2201,57.87,69,38,3.78,scattered clouds
479,Sur,OM,22.5667,59.5289,65.34,59,0,7.09,clear sky
480,Manokwari,ID,-0.8667,134.0833,78.73,82,100,5.03,overcast clouds
481,Basoko,CD,1.2391,23.616,87.53,47,13,1.12,few clouds
482,Soure,BR,-0.7167,-48.5233,83.8,76,32,11.97,scattered clouds
483,Mogadishu,SO,2.0371,45.3438,77,78,0,11.5,clear sky
484,Wembley,AU,-31.9333,115.8,64.4,77,90,20.71,light rain
485,Debre Sina,ET,9.85,39.7667,51.33,86,81,4.12,broken clouds
486,Bloemfontein,ZA,-29.1211,26.214,82.4,42,30,10.36,light rain
487,Srednekolymsk,RU,67.45,153.6833,-21.84,85,7,2.33,clear sky
488,Chake Chake,TZ,-5.2459,39.7666,80.49,74,2,10.36,clear sky
489,Nyurba,RU,63.2842,118.3319,-33.11,84,83,1.86,broken clouds
490,Tezu,IN,27.9167,96.1667,62.76,29,1,4.14,clear sky
491,Nanortalik,GL,60.1432,-45.2371,24.35,79,0,4.09,clear sky
492,Champerico,GT,14.3,-91.9167,80.6,65,0,6.91,clear sky
493,Beyneu,KZ,45.3167,55.2,30.2,85,0,16.08,clear sky
494,Malayal,PH,7.208,121.942,77,94,75,2.3,broken clouds
495,Bridlington,GB,54.0831,-0.1919,37,88,100,13,overcast clouds
496,Rusape,ZW,-18.5278,32.1284,71.31,78,51,6.71,light rain
497,Fandriana,MG,-20.2333,47.3833,65.32,90,100,2.86,moderate rain
498,Tromso,NO,69.6496,18.957,26.6,80,75,8.05,light snow
499,Gua Musang,MY,4.8823,101.9644,71.98,87,100,2.21,overcast clouds
500,Sembakung,ID,3.8167,117.25,78.8,89,20,3.44,few clouds
501,Vardo,NO,70.3705,31.1107,23,74,40,18.41,snow
502,Nouakchott,MR,18.0858,-15.9785,73.4,31,100,18.41,dust
503,Narrabri,AU,-30.3167,149.7833,71.6,88,75,4.9,broken clouds
504,Amethi,IN,26.15,81.8167,56.7,51,0,7,clear sky
505,Umm Kaddadah,SD,13.6017,26.6876,71.8,21,0,13.29,clear sky
506,Sangmelima,CM,2.9333,11.9833,91.85,23,52,2.24,broken clouds
507,Canmore,CA,51.0834,-115.3521,-2,84,100,2.3,overcast clouds
508,Shubarkuduk,KZ,49.1447,56.4872,11.89,94,88,14.9,overcast clouds
509,Abilene,US,32.4487,-99.7331,50,57,1,16.11,clear sky
510,Aripuana,BR,-9.1667,-60.6333,79.99,93,92,2.01,overcast clouds
511,Fare,PF,-16.7,-151.0167,81.66,69,3,9.75,clear sky
512,Evensk,RU,61.95,159.2333,6.87,88,100,15.97,overcast clouds
513,Amapa,BR,1,-52,81.77,79,100,3.6,overcast clouds
514,Bowen,AU,-20.0167,148.2333,75.2,94,99,3.44,overcast clouds
515,Bastia,FR,42.6667,9.3333,57.2,82,90,10.36,overcast clouds
516,Nantucket,US,41.2835,-70.0995,39.99,56,1,19.57,clear sky
517,Mackay,AU,-21.15,149.2,78.8,83,75,8.05,broken clouds
518,Bathsheba,BB,13.2167,-59.5167,84.2,54,40,20.71,scattered clouds
519,Mehamn,NO,71.0357,27.8492,25.92,93,100,19.75,light snow
520,Tubuala,PA,9.5167,-79.0333,87.01,65,40,4.61,scattered clouds
521,Jalu,LY,29.0331,21.5482,68.5,28,69,4.94,broken clouds
522,Filadelfia,US,39.9523,-75.1638,44.01,45,40,13.8,scattered clouds
523,Lulea,SE,65.5842,22.1547,14,85,0,9.22,clear sky
524,Muisne,EC,0.6,-80.0333,78.8,94,75,3.44,broken clouds
525,Coihaique,CL,-45.5752,-72.0662,64.4,52,0,9.22,clear sky
526,Qui Nhon,VN,13.7667,109.2333,71.02,87,47,7.99,scattered clouds
527,Bani,DO,18.2833,-70.3333,84.2,70,20,11.5,few clouds
528,Virginia Beach,US,36.8529,-75.978,50,37,20,4.61,few clouds
529,San Isidro,PE,-12.1167,-77.05,75,83,0,8.05,clear sky
530,Taltal,CL,-25.4,-70.4833,69.04,62,16,5.93,few clouds
531,Nanakuli,US,21.3906,-158.1547,62.6,82,90,4.61,overcast clouds
532,Huarmey,PE,-10.0681,-78.1522,75.56,65,90,9.06,overcast clouds
533,Pangai,TO,-19.8,-174.35,80.33,84,100,9.6,light rain
534,La Tuque,CA,47.4334,-72.7824,19.4,63,71,5.75,broken clouds
535,Ust-Kuyga,RU,70.0167,135.6,-28.08,82,100,3.38,overcast clouds
536,Vuktyl,RU,63.8567,57.3094,-14.96,88,100,12.01,overcast clouds
537,Victoria,HK,22.2855,114.1577,68,70,0,5.37,clear sky
538,Mirador,BR,-6.3708,-44.3631,86.22,56,96,3.94,overcast clouds
539,Frontera,MX,26.9333,-101.45,64.69,40,0,1.81,clear sky
540,Roebourne,AU,-20.7833,117.1333,78.89,76,2,10.07,clear sky
541,Kamen-Na-Obi,RU,53.7884,81.3423,25.34,98,91,10.49,overcast clouds
542,Zabol,AF,32.25,67.25,43.7,54,8,2.82,clear sky
543,Martapura,ID,-3.4167,114.85,78.8,94,20,3.44,few clouds
544,Anloga,GH,5.7947,0.8973,91.4,62,0,12.66,clear sky
545,Akureyri,IS,65.6835,-18.0878,33.8,64,75,6.91,broken clouds
546,Wankaner,IN,22.6167,70.9333,63.95,29,0,8.12,clear sky
547,Kayes,ML,14,-11,95.25,10,64,11.05,broken clouds
548,Saravan,AM,39.7196,45.6483,41,81,20,4.61,few clouds
549,Saint-Ambroise,CA,48.5501,-71.3324,28,63,90,12.66,overcast clouds
550,Mazamari,PE,-11.3258,-74.5308,72.21,83,100,1.39,overcast clouds
551,Lata,PT,40.1629,-8.3327,57.99,76,89,4,overcast clouds
552,Phan Thiet,VN,10.9333,108.1,72.61,81,28,6.33,scattered clouds
553,Hualmay,PE,-11.0964,-77.6139,74.12,68,94,7.61,overcast clouds
554,Marzuq,YE,14.4,46.4667,62.28,67,0,8.41,clear sky
555,Bay Village,US,41.4848,-81.9221,16,67,40,13.8,scattered clouds
556,Egvekinot,RU,66.3167,-179.1667,-6.97,83,99,7.72,overcast clouds
557,Leh,IN,34.1667,77.5833,7.59,55,4,2.33,clear sky
558,Santa Cruz,BO,-17.8,-63.1667,86,54,20,6.91,few clouds
559,Puerto Suarez,BO,-18.95,-57.8,82.4,57,75,5.75,broken clouds
560,Beloha,MG,-25.1667,45.05,80.55,73,10,9.08,light rain
561,Dunn,US,44.95,-91.8835,-2,65,75,16.11,broken clouds
562,Mnogovershinnyy,RU,53.9353,139.9242,-9.29,91,100,7.56,overcast clouds
563,Sawakin,SD,19.1059,37.3321,74.3,44,0,7.96,clear sky
564,Nalut,LY,30.3333,10.85,78.06,16,100,12.84,overcast clouds
565,Pantai Remis,MY,4.4557,100.6288,82.4,83,40,1.72,light rain
566,Zambezi,ZM,-13.5432,23.1047,79.72,79,77,1.43,moderate rain
567,Santarem,BR,-2.4431,-54.7083,86,70,20,8.05,few clouds
568,Buluang,PH,13.3068,123.3425,74.23,92,47,4.52,scattered clouds
569,Chumikan,RU,54.7183,135.315,-9.18,82,100,12.97,overcast clouds
570,Bafq,IR,31.6128,55.4107,62.53,27,0,8.39,clear sky
571,Hami,CN,42.8,93.45,32.52,78,100,4.12,overcast clouds
572,Armeria,MX,18.9333,-103.9667,71.6,73,1,1.07,clear sky
573,Acajutla,SV,13.5928,-89.8275,77,57,0,2.3,clear sky
574,Timmins,CA,48.4669,-81.3331,3.2,66,75,11.5,broken clouds
575,Kanigoro,ID,-8.13,112.219,75,87,91,9.89,overcast clouds
576,Seoul,KR,37.5683,126.9778,46.4,87,75,4.61,mist
577,Burnie,AU,-41.0667,145.9167,61,85,83,5.01,broken clouds
578,Henties Bay,NA,-22.116,14.2845,66.99,83,17,3,few clouds
579,Kingori,TZ,-3.2833,36.9833,69.8,88,75,11.5,moderate rain
580,Porto Torres,IT,40.835,8.3972,66.2,59,0,8.05,clear sky
581,Cotonou,BJ,6.3654,2.4183,89.6,70,40,12.66,scattered clouds
582,Rudnya,RU,54.947,31.0934,8.6,72,75,11.18,light snow
583,Bama,NG,11.5221,13.6856,93.18,10,7,6.55,clear sky
584,Natal,BR,-5.795,-35.2094,87.8,51,40,11.5,scattered clouds
585,Muros,ES,42.7762,-9.0603,53.01,56,1,7,clear sky
586,Tatawin,TN,32.9297,10.4518,84.2,9,20,9.22,few clouds
587,Hailar,CN,49.2,119.7,-12.35,85,0,3.8,clear sky
588,Kirakira,SB,-10.4544,161.9205,79.52,81,95,5.39,overcast clouds
589,Saint-Joseph,RE,-21.3667,55.6167,84.2,70,75,6.91,light rain
590,Humaita,BR,-7.5061,-63.0208,82.92,77,97,4.65,overcast clouds
591,Los Llanos De Aridane,ES,28.6585,-17.9182,66.2,59,20,24.16,few clouds
592,Mlawa,PL,53.1128,20.3841,14,67,0,8.05,clear sky
593,Ringebu,NO,61.5167,10.1667,9.36,80,0,4.59,clear sky
594,Turbat,PK,26.0023,63.044,59.94,39,0,3.4,clear sky
595,Oriximina,BR,-1.7656,-55.8661,94.32,42,22,3.83,few clouds
596,Peniche,PT,39.3558,-9.3811,53.01,82,93,15.99,overcast clouds
597,Lebyazhye,RU,55.2689,66.4947,33.84,97,100,18.19,light rain
598,Wanaka,NZ,-44.7,169.15,62.01,69,0,2.82,clear sky
599,Bakchar,RU,57.0186,82.0711,33.39,97,100,10.49,overcast clouds
600,Tanete,ID,-3.9443,119.7848,76.8,86,100,2.53,overcast clouds
601,Soyo,AO,-6.1349,12.3689,89.6,66,75,8.05,broken clouds
602,Mhlambanyatsi,SZ,-26.45,31.0167,68.36,94,100,3.6,light rain
603,Brawley,US,32.9787,-115.5303,46.4,53,1,3.44,clear sky
604,Waddan,LY,29.1614,16.139,76.57,17,0,8.12,clear sky
605,Itarema,BR,-2.9248,-39.9167,88.07,55,61,15.73,broken clouds
606,Kiomboi,TZ,-4.2667,34.3667,69.57,79,98,2.59,moderate rain
607,Pueblo,US,38.2545,-104.6091,39,32,1,13.8,clear sky
608,Kaili,ID,-3.4626,120.2147,68.45,96,100,2.44,overcast clouds
609,Porterville,US,36.0652,-119.0168,43,93,1,3.44,mist
610,Palmerston,AU,-12.486,130.9833,82.4,83,40,10.36,scattered clouds
611,Kuah,MY,6.3265,99.8432,82.4,74,20,5.75,few clouds
612,Kachiry,KZ,53.0675,76.1036,26.71,97,21,14.12,few clouds
613,Mahibadhoo,MV,3.7833,72.9667,81.5,77,49,11.63,scattered clouds
614,Pauini,BR,-7.7136,-66.9764,83.3,70,100,1.19,overcast clouds
615,Khasan,RU,42.4308,130.6434,22.44,96,100,3.04,light snow
616,Sisophon,KH,13.5859,102.9737,79.56,50,45,0.16,scattered clouds
617,Kizhinga,RU,51.8462,109.9097,-5.55,89,64,4.07,broken clouds
618,Yurginskoye,RU,56.8189,67.3921,34.16,97,100,16.62,light rain
619,Galesong,ID,-5.3166,119.3661,77,100,20,3.44,few clouds
620,Jinchang,CN,38.4953,102.1739,30.25,71,0,3.2,clear sky
621,Tarauaca,BR,-8.1614,-70.7656,89.78,56,89,2.28,overcast clouds
622,Chenghai,CN,23.4632,116.768,60.8,82,0,2.24,clear sky
623,Sinnamary,GF,5.3833,-52.95,80.17,84,92,14.94,light rain
624,Saryozek,KZ,44.3583,77.9753,36.82,69,98,7.36,overcast clouds
625,Dmitriyevka,RU,54.75,55.3333,14,85,90,22.37,snow
626,Kenda,IN,23.2,86.5333,61.79,72,87,9.53,overcast clouds
627,Manado,ID,1.487,124.8455,77,94,40,3.44,scattered clouds
628,Bronnoysund,NO,65.4625,12.1997,28.4,86,90,3.44,overcast clouds
629,Palmer,US,42.1584,-72.3287,36,51,20,8.05,few clouds
630,Houma,US,29.5958,-90.7195,60.01,94,90,6.91,overcast clouds
631,Kampot,KH,10.6167,104.1833,78.8,78,20,1.14,few clouds
632,Palu,ID,-0.8917,119.8707,76.08,78,100,1.03,overcast clouds
633,Deputatskiy,RU,69.3,139.9,-34.94,85,92,0.54,overcast clouds
634,Hovd,MN,48.0056,91.6419,11.55,90,86,1.68,overcast clouds
635,Gama,ES,42.748,-4.2068,46.99,93,90,11.5,overcast clouds
636,Synya,RU,65.3718,58.0387,-24.56,85,100,8.77,overcast clouds
637,Lac-Au-Saumon,CA,48.421,-67.3476,26.6,93,90,25.32,snow
638,Adrar,MR,20.5022,-10.0711,71.4,22,37,14.29,scattered clouds
639,Obo,CF,5.3998,26.4869,86.76,15,36,5.37,scattered clouds
640,Aguada De Pasajeros,CU,22.385,-80.8508,84.2,65,20,9.22,moderate rain
641,Mercedes,AR,-34.6515,-59.4307,87.01,39,0,1.99,clear sky
642,Shingu,JP,33.7333,135.9833,45.1,75,0,6.73,clear sky
643,Ranong,TH,9.9658,98.6348,75.69,86,36,4.81,scattered clouds
644,Malatya,TR,38.5,38,44.6,65,0,2.3,clear sky
645,Batemans Bay,AU,-35.7167,150.1833,64.99,88,0,4.03,clear sky
646,Sola,VU,-13.8833,167.55,75.2,100,20,5.48,few clouds
647,Madanapalle,IN,13.55,78.5,65.35,62,0,4.52,clear sky
648,Gravdal,NO,68.1214,13.5031,32.72,90,86,21.72,overcast clouds
649,Suez,EG,29.9737,32.5263,64.71,53,0,3.91,clear sky
650,Kastamonu,TR,41.5,33.6667,45.66,62,0,4.29,clear sky
651,Santa Maria,BR,-29.6842,-53.8069,73.4,60,40,4.61,scattered clouds
652,Cangzhou,CN,38.3167,116.8667,35.13,83,0,17.98,clear sky
653,Nizhniy Kuranakh,RU,58.8353,125.4869,-19.44,83,100,2.08,overcast clouds
654,Scarborough,GB,54.2797,-0.4044,37.99,91,100,11.01,light rain
655,Bendigo,AU,-36.7667,144.2833,61,47,0,7.92,clear sky
656,Milkovo,RU,54.7167,158.6167,6.35,94,100,2.77,overcast clouds
657,Kuito,AO,-12.3833,16.9333,78.8,36,75,13.8,light rain
658,Inirida,CO,3.8653,-67.9239,82.47,85,68,2.57,broken clouds
659,Dawlatabad,AF,36.4141,64.9053,56.37,38,44,12.06,scattered clouds
660,Haines Junction,CA,60.7522,-137.5108,-25.6,68,87,1.14,overcast clouds
661,Krasnoborsk,RU,61.5598,45.934,-5.66,88,100,10.76,light snow
662,Piacabucu,BR,-10.4056,-36.4344,88.39,56,87,17.54,overcast clouds
663,Inyonga,TZ,-6.7167,32.0667,71.17,89,65,2.46,moderate rain
664,Nelson Bay,AU,-32.7167,152.15,71.01,100,90,5.73,overcast clouds
665,Usinsk,RU,65.9939,57.5281,-29.02,83,6,14.23,clear sky
666,Odesskoye,RU,54.2111,72.9651,32.72,96,100,17.72,overcast clouds
667,Hofn,IS,64.2539,-15.2082,35.91,84,100,17.78,overcast clouds
668,Eydhafushi,MV,5.1033,73.0708,81.63,77,62,10,broken clouds
669,Herat,AF,34.5,62,60.8,14,0,6.91,clear sky
670,Ginda,IN,30.6945,78.4932,37.78,59,0,6.87,clear sky
671,Sandakan,MY,5.8402,118.1179,80.6,89,40,9.22,scattered clouds
672,Doha,QA,25.2867,51.5333,72,68,0,4.61,clear sky
673,Hastings,GB,50.8552,0.5729,46.99,85,98,3,light rain
674,Esso,RU,55.9333,158.7,7.9,88,100,5.82,overcast clouds
675,Gazanjyk,TM,39.2446,55.5154,49.14,79,94,1.86,overcast clouds
676,Nadrag,RO,45.65,22.1833,57.2,82,0,4.61,clear sky
677,Rocha,UY,-34.4833,-54.3333,83.16,41,0,13,clear sky
678,Dadri,IN,28.5667,77.55,59,82,0,4.61,mist
679,Rafaela,AR,-31.2503,-61.4867,86,32,0,1.99,clear sky
680,Nueva Loja,EC,0.0847,-76.8828,73.4,100,90,3.44,light intensity drizzle
681,Nicoya,CR,10.1483,-85.452,82.4,65,0,3.44,clear sky
682,Asyut,EG,27.181,31.1837,68,60,0,20.71,clear sky
683,The Valley,AI,18.217,-63.0578,78.8,69,20,11.5,few clouds
684,Pokrovka,KG,42.3414,78.0056,30.47,81,95,8.16,light snow
685,Omsukchan,RU,62.5333,155.8,-16.28,87,85,1.9,overcast clouds
686,Emba,KZ,48.8264,58.1442,15.42,94,100,20.2,overcast clouds
687,Rawlins,US,41.7911,-107.2387,23,68,1,26.46,clear sky
688,Kitami,JP,43.8031,143.8908,24.01,79,100,5.99,overcast clouds
689,Aras,ES,42.5617,-2.356,46.4,87,90,13.8,overcast clouds
690,Osakarovka,KZ,50.565,72.5692,28.98,92,100,23.64,snow
